2,startup,shutdown,n,c2,c1,c0
2,0,0,3,0,23.532556,0
2,0,0,3,0,30.409326,0
2,0,0,3,0,19.040386,0
2,0,0,3,0,19.686835,0
2,0,0,3,0,38.489977,0
2,0,0,3,0,6.111723,0
2,0,0,3,0,22.934184,0
2,0,0,3,0,29.747826,0
2,0,0,3,0,20.377006,0
2,0,0,3,0,7.373082,0
2,0,0,3,0,15.234482,0
2,0,0,3,0,11.354352,0
