2,startup,shutdown,n,c2,c1,c0
2,0,0,3,0,16.960624,0
2,0,0,3,0,0,0
2,0,0,3,0,34.075557,0
2,0,0,3,0,0,0
2,0,0,3,0,30.441037,0
2,0,0,3,0,0,0
2,0,0,3,0,37.188979,0
