2,startup,shutdown,n,c2,c1,c0
2,0,0,3,0,6.724778,0
2,0,0,3,0,14.707625,0
2,0,0,3,0,24.804734,0
2,0,0,3,0,34.844643,0
2,0,0,3,0,24.652994,0
2,0,0,3,0,32.306483,0
2,0,0,3,0,18.157477,0
2,0,0,3,0,31.550181,0
2,0,0,3,0,22.503168,0
2,0,0,3,0,27.434444,0
