2,startup,shutdown,n,c2,c1,c0
2,0,0,3,0,6.586541,0
2,0,0,3,0,34.794851,0
2,0,0,3,0,42.293854,0
2,0,0,3,0,32.583236,0
2,0,0,3,0,16.762466,0
2,0,0,3,0,27.707032,0
2,0,0,3,0,8.398333,0
2,0,0,3,0,37.992337,0
2,0,0,3,0,20.760837,0
2,0,0,3,0,22.51779,0
2,0,0,3,0,31.271293,0
2,0,0,3,0,17.655344,0
