2,startup,shutdown,n,c2,c1,c0
2,0,0,3,0,18.421528,0
2,0,0,3,0,52.182254,0
2,0,0,3,0,0,0
2,0,0,3,0,0,0
2,0,0,3,0,0,0
2,0,0,3,0,0,0
