bus_i,type,Pd,Qd,Gs,Bs,area,Vm,Va,baseKV,zone,Vmax,Vmin
1,3,0.065,0.62,0.45,9000,9000,9000,0,0,1,-18.7397099664,18.7397099664
3,2,0.025,0.75,0.7,50,50,50,0,0,1,-18.7397099664,18.7397099664
1,2,0.042,0.9,0.3,9000,9000,9000,0,0,1,-18.7397099664,18.7397099664
